sample_num,val
0,6784
1,6319
2,5013
3,5288
4,6631
5,6523
6,5166
7,5123
8,6487
9,6736
10,5433
11,5017
12,6286
13,6856
14,5643
15,4919
16,6011
17,6894
18,5917
19,4919
20,5789
21,6898
22,6218
23,5034
24,5572
25,6846
26,6461
27,5159
28,5354
29,6674
30,6625
31,5282
32,5149
33,6486
34,6784
35,5483
36,4999
37,6212
38,6846
39,5673
40,4892
41,5913
42,6786
43,5840
44,4809
45,5604
46,6741
47,6111
48,4898
49,5342
50,6620
51,6287
52,4979
53,5153
54,6504
55,6569
56,5250
57,5099
58,6509
59,6944
60,5638
61,4940
62,5924
63,6316
64,4921
65,3950
66,4874
67,5769
68,4898
69,3968
70,4881
71,6223
72,5834
73,4735
74,5243
75,6588
76,6346
77,5031
78,5121
79,6456
80,6545
81,5209
82,4968
83,6299
84,6738
85,5498
86,4924
87,6101
88,6855
89,5777
90,4936
91,5900
92,6895
93,6095
94,5004
95,5729
96,6962
97,6483
98,5223
99,5570
100,6866
101,6674
102,5339
103,5359
104,6665
105,6811
106,5496
107,5181
108,6479
109,6981
110,5794
111,5194
112,6373
113,7181
114,6148
115,5256
116,6169
117,7196
118,6414
119,5256
120,5893
121,7104
122,6614
123,5326
124,5596
125,6900
126,6738
127,5375
128,5318
129,6619
130,6809
131,5491
132,5088
133,6361
134,6894
135,5701
136,4992
137,6084
138,6906
139,5874
140,4889
141,5738
142,6778
143,6046
144,4868
145,5446
146,6694
147,6291
148,4987
149,5223
150,6559
151,6469
152,5109
153,5010
154,6333
155,6631
156,5319
157,4858
158,6134
159,6742
160,5598
161,4856
162,5934
163,6823
164,5859
165,4846
166,5654
167,6745
168,6063
169,4854
170,5363
171,6634
172,6286
173,4990
174,5161
175,6493
176,6459
177,5105
178,4928
179,6228
180,6570
181,5296
182,4790
183,6034
184,6701
185,5594
186,4810
187,5850
188,6803
189,5885
190,4831
191,5594
192,6713
193,6106
194,4904
195,5378
196,6673
197,6411
198,5118
199,5246
200,6598
201,6637
202,5285
203,5046
204,6339
205,6731
206,5444
207,4869
208,6083
209,6785
210,5669
211,4802
212,5793
213,6809
214,5933
215,4784
216,5469
217,6633
218,6063
219,4774
220,5166
221,6482
222,6254
223,4921
224,4966
225,6341
226,6456
227,5096
228,4811
229,6115
230,6583
231,5364
232,4776
233,6054
234,6936
235,5892
236,4890
237,5652
238,6414
239,5259
240,3904
241,4431
242,5586
243,5055
244,3841
245,4331
246,5830
247,5871
248,4693
249,4778
250,6200
251,6436
252,5132
253,4793
254,6080
255,6616
256,5411
257,4762
258,5919
259,6731
260,5733
261,4798
262,5694
263,6786
264,6048
265,4879
266,5476
267,6719
268,6303
269,5029
270,5295
271,6615
272,6534
273,5203
274,5118
275,6460
276,6707
277,5407
278,4988
279,6220
280,6815
281,5643
282,4939
283,6039
284,6929
285,6009
286,5038
287,5904
288,7027
289,6376
290,5230
291,5763
292,7038
293,6691
294,5373
295,5556
296,6851
297,6808
298,5431
299,5241
300,6516
301,6802
302,5499
303,4986
304,6170
305,6798
306,5660
307,4876
308,5906
309,6804
310,5881
311,4826
312,5602
313,6709
314,6084
315,4871
316,5320
317,6598
318,6305
319,4984
320,5122
321,6462
322,6518
323,5158
324,4913
325,6196
326,6538
327,5286
328,4733
329,5914
330,6599
331,5507
332,4691
333,5671
334,6625
335,5784
336,4713
337,5418
338,6577
339,6012
340,4779
341,5177
342,6475
343,6245
344,4941
345,5011
346,6309
347,6407
348,5115
349,4839
350,6080
351,6481
352,5283
353,4714
354,5841
355,6565
356,5542
357,4716
358,5639
359,6604
360,5816
361,4756
362,5410
363,6556
364,6066
365,4859
366,5200
367,6492
368,6331
369,5041
370,5061
371,6383
372,6568
373,5301
374,4994
375,6253
376,6713
377,5501
378,4861
379,5959
380,6733
381,5736
382,4788
383,5627
384,6626
385,5888
386,4774
387,5359
388,6528
389,6070
390,4806
391,5067
392,6364
393,6246
394,4929
395,4857
396,6130
397,6342
398,5047
399,4656
400,5871
401,6416
402,5279
403,4614
404,5715
405,6614
406,5764
407,4881
408,5624
409,6487
410,5571
411,4129
412,4424
413,5476
414,5044
415,3744
416,4011
417,5456
418,5571
419,4456
420,4526
421,5938
422,6291
423,5093
424,4685
425,5922
426,6538
427,5433
428,4698
429,5733
430,6607
431,5706
432,4728
433,5517
434,6611
435,5979
436,4826
437,5331
438,6578
439,6306
440,5073
441,5206
442,6503
443,6505
444,5210
445,5051
446,6328
447,6663
448,5421
449,4913
450,6084
451,6736
452,5651
453,4867
454,5870
455,6791
456,5943
457,4932
458,5680
459,6819
460,6264
461,5089
462,5534
463,6811
464,6555
465,5276
466,5352
467,6656
468,6709
469,5384
470,5117
471,6358
472,6711
473,5465
474,4881
475,6023
476,6693
477,5626
478,4797
479,5735
480,6659
481,5836
482,4766
483,5425
484,6559
485,6016
486,4800
487,5163
488,6426
489,6209
490,4926
491,4974
492,6278
493,6411
494,5108
495,4796
496,6046
497,6486
498,5314
499,4722
500,5801
501,6539
502,5518
503,4667
504,5580
505,6561
506,5781
507,4694
508,5309
509,6467
510,5981
511,4741
512,5056
513,6328
514,6153
515,4848
516,4833
517,6148
518,6329
519,5044
520,4693
521,5919
522,6406
523,5231
524,4585
525,5668
526,6446
527,5463
528,4568
529,5438
530,6451
531,5742
532,4659
533,5231
534,6424
535,6022
536,4821
537,5096
538,6390
539,6310
540,5016
541,4966
542,6274
543,6509
544,5243
545,4841
546,6048
547,6603
548,5448
549,4736
550,5768
551,6591
552,5638
553,4655
554,5459
555,6503
556,5859
557,4728
558,5221
559,6427
560,6014
561,4719
562,4905
563,6194
564,6162
565,4836
566,4696
567,5968
568,6251
569,4983
570,4546
571,5772
572,6422
573,5359
574,4708
575,5831
576,6700
577,5676
578,4493
579,5018
580,5865
581,5079
582,3788
583,4180
584,5416
585,5210
586,4056
587,4358
588,5831
589,5983
590,4748
591,4611
592,5943
593,6320
594,5098
595,4605
596,5804
597,6491
598,5415
599,4618
600,5622
601,6554
602,5694
603,4651
604,5387
605,6528
606,5979
607,4804
608,5221
609,6483
610,6225
611,4928
612,5015
613,6334
614,6428
615,5129
616,4889
617,6176
618,6564
619,5345
620,4788
621,5932
622,6651
623,5614
624,4793
625,5757
626,6733
627,5928
628,4873
629,5581
630,6764
631,6238
632,4996
633,5372
634,6658
635,6425
636,5102
637,5121
638,6417
639,6524
640,5186
641,4865
642,6118
643,6539
644,5301
645,4656
646,5788
647,6533
648,5487
649,4564
650,5483
651,6471
652,5665
653,4553
654,5196
655,6383
656,5878
657,4616
658,4943
659,6241
660,6061
661,4733
662,4718
663,6052
664,6248
665,4958
666,4569
667,5821
668,6309
669,5112
670,4442
671,5529
672,6323
673,5323
674,4406
675,5259
676,6284
677,5540
678,4401
679,4974
680,6164
681,5735
682,4466
683,4721
684,6023
685,5923
686,4590
687,4507
688,5821
689,6055
690,4776
691,4379
692,5608
693,6172
694,5026
695,4336
696,5390
697,6247
698,5321
699,4404
700,5253
701,6323
702,5643
703,4503
704,5041
705,6286
706,5938
707,4664
708,4872
709,6168
710,6138
711,4816
712,4677
713,5958
714,6248
715,4978
716,4498
717,5677
718,6272
719,5121
720,4356
721,5373
722,6260
723,5358
724,4379
725,5116
726,6183
727,5536
728,4338
729,4788
730,6032
731,5726
732,4443
733,4588
734,5893
735,5931
736,4644
737,4485
738,5824
739,6286
740,5131
741,4579
742,5613
743,6066
744,4703
745,3671
746,4494
747,5353
748,4441
749,3409
750,4232
751,5491
752,5078
753,4024
754,4569
755,5913
756,5715
757,4452
758,4556
759,5904
760,5999
761,4689
762,4453
763,5764
764,6188
765,4969
766,4415
767,5574
768,6290
769,5251
770,4417
771,5395
772,6381
773,5565
774,4508
775,5226
776,6399
777,5869
778,4642
779,5028
780,6334
781,6127
782,4814
783,4888
784,6193
785,6310
786,5004
787,4707
788,5986
789,6447
790,5253
791,4665
792,5824
793,6591
794,5596
795,4713
796,5624
797,6639
798,5876
799,4754
800,5374
801,6565
802,6074
803,4787
804,5053
805,6324
806,6146
807,4801
808,4748
809,6071
810,6258
811,4954
812,4587
813,5839
814,6346
815,5161
816,4489
817,5579
818,6376
819,5361
820,4408
821,5270
822,6315
823,5573
824,4429
825,4992
826,6205
827,5779
828,4504
829,4746
830,6044
831,5954
832,4632
833,4540
834,5861
835,6111
836,4843
837,4436
838,5668
839,6241
840,5076
841,4384
842,5436
843,6279
844,5324
845,4351
846,5174
847,6258
848,5574
849,4408
850,4914
851,6151
852,5787
853,4501
854,4686
855,5994
856,5955
857,4641
858,4521
859,5834
860,6145
861,4875
862,4416
863,5635
864,6266
865,5123
866,4357
867,5376
868,6269
869,5388
870,4398
871,5173
872,6287
873,5677
874,4503
875,4983
876,6261
877,5976
878,4675
879,4811
880,6128
881,6151
882,4811
883,4610
884,5887
885,6224
886,4954
887,4428
888,5598
889,6252
890,5149
891,4353
892,5322
893,6227
894,5342
895,4281
896,5009
897,6143
898,5559
899,4321
900,4732
901,6000
902,5733
903,4411
904,4513
905,5859
906,5963
907,4683
908,4494
909,5888
910,6363
911,5062
912,4320
913,5251
914,5656
915,4363
916,3359
917,4236
918,5176
919,4403
920,3445
921,4286
922,5643
923,5292
924,4159
925,4579
926,5916
927,5754
928,4465
929,4503
930,5847
931,6011
932,4724
933,4428
934,5717
935,6207
936,5009
937,4379
938,5531
939,6317
940,5309
941,4427
942,5354
943,6379
944,5631
945,4544
946,5183
947,6378
948,5921
949,4678
950,5001
951,6273
952,6119
953,4802
954,4751
955,6067
956,6296
957,5005
958,4643
959,5916
960,6471
961,5324
962,4673
963,5787
964,6639
965,5690
966,4769
967,5633
968,6700
969,5972
970,4806
971,5349
972,6547
973,6115
974,4790
975,4989
976,6273
977,6172
978,4811
979,4693
980,5997
981,6249
982,4948
983,4508
984,5718
985,6277
986,5110
987,4364
988,5398
989,6245
990,5289
991,4296
992,5099
993,6187
994,5511
995,4348
996,4871
997,6104
998,5756
999,4454
1000,4636
1001,5973
1002,5964
1003,4627
1004,4469
1005,5769
1006,6082
1007,4819
1008,4369
1009,5615
1010,6211
1011,5046
1012,4253
1013,5258
1014,6141
1015,5219
1016,4196
1017,4968
1018,6088
1019,5465
1020,4256
1021,4721
1022,5981
1023,5699
1024,4412
1025,4553
1026,5868
1027,5896
1028,4567
1029,4363
1030,5659
1031,6036
1032,4798
1033,4274
1034,5459
1035,6138
1036,5071
1037,4256
1038,5229
1039,6159
1040,5303
1041,4246
1042,4946
1043,6064
1044,5514
1045,4307
1046,4697
1047,5957
1048,5727
1049,4433
1050,4508
1051,5828
1052,5931
1053,4631
1054,4368
1055,5659
1056,6073
1057,4866
1058,4309
1059,5458
1060,6151
1061,5098
1062,4208
1063,5144
1064,6109
1065,5279
1066,4184
1067,4854
1068,5979
1069,5456
1070,4197
1071,4529
1072,5809
1073,5613
1074,4285
1075,4290
1076,5618
1077,5763
1078,4448
1079,4115
1080,5385
1081,5853
1082,4644
1083,3998
1084,5136
1085,5922
1086,4938
1087,4066
1088,4998
1089,6070
1090,5424
1091,4383
1092,4957
1093,6004
1094,5339
1095,3776
1096,3796
1097,4943
1098,4763
1099,3436
1100,3400
1101,4845
1102,5227
1103,4126
1104,3908
1105,5262
1106,5880
1107,4771
1108,4141
1109,5240
1110,6082
1111,5143
1112,4201
1113,5041
1114,6112
1115,5416
1116,4276
1117,4823
1118,6015
1119,5617
1120,4367
1121,4614
1122,5938
1123,5890
1124,4609
1125,4551
1126,5851
1127,6133
1128,4864
1129,4448
1130,5681
1131,6294
1132,5176
1133,4454
1134,5499
1135,6353
1136,5436
1137,4457
1138,5260
1139,6371
1140,5734
1141,4600
1142,5126
1143,6409
1144,6103
1145,4842
1146,5021
1147,6345
1148,6363
1149,5059
1150,4879
1151,6146
1152,6450
1153,5163
1154,4649
1155,5808
1156,6412
1157,5296
1158,4501
1159,5471
1160,6359
1161,5466
1162,4435
1163,5169
1164,6284
1165,5675
1166,4460
1167,4893
1168,6133
1169,5839
1170,4526
1171,4627
1172,5934
1173,5994
1174,4679
1175,4479
1176,5776
1177,6126
1178,4874
1179,4323
1180,5461
1181,6137
1182,5073
1183,4236
1184,5188
1185,6112
1186,5274
1187,4238
1188,4940
1189,6074
1190,5523
1191,4294
1192,4688
1193,5936
1194,5702
1195,4384
1196,4434
1197,5735
1198,5835
1199,4524
1200,4243
1201,5508
1202,5943
1203,4735
1204,4133
1205,5261
1206,5984
1207,4966
1208,4099
1209,5021
1210,6003
1211,5223
1212,4130
1213,4784
1214,5967
1215,5493
1216,4269
1217,4611
1218,5895
1219,5747
1220,4439
1221,4430
1222,5732
1223,5891
1224,4611
1225,4276
1226,5536
1227,6021
1228,4845
1229,4218
1230,5297
1231,6049
1232,5061
1233,4177
1234,5086
1235,6086
1236,5291
1237,4167
1238,4750
1239,5933
1240,5490
1241,4234
1242,4494
1243,5784
1244,5664
1245,4346
1246,4262
1247,5559
1248,5763
1249,4479
1250,4086
1251,5326
1252,5866
1253,4728
1254,4034
1255,5091
1256,5929
1257,4989
1258,4043
1259,4856
1260,5910
1261,5224
1262,4086
1263,4621
1264,5828
1265,5419
1266,4164
1267,4376
1268,5676
1269,5614
1270,4294
1271,4173
1272,5471
1273,5749
1274,4476
1275,4018
1276,5238
1277,5844
1278,4703
1279,3970
1280,5008
1281,5882
1282,4973
1283,3999
1284,4838
1285,5937
1286,5299
1287,4126
1288,4645
1289,5978
1290,5758
1291,4502
1292,4578
1293,5714
1294,5461
1295,3833
1296,3425
1297,4596
1298,4883
1299,3587
1300,3149
1301,4462
1302,5248
1303,4305
1304,3661
1305,4757
1306,5736
1307,4906
1308,3911
1309,4674
1310,5825
1311,5235
1312,4049
1313,4498
1314,5758
1315,5487
1316,4188
1317,4294
1318,5611
1319,5687
1320,4394
1321,4180
1322,5486
1323,5908
1324,4696
1325,4178
1326,5357
1327,6074
1328,5005
1329,4186
1330,5151
1331,6122
1332,5291
1333,4223
1334,4916
1335,6074
1336,5548
1337,4321
1338,4714
1339,6023
1340,5822
1341,4524
1342,4603
1343,5968
1344,6121
1345,4849
1346,4573
1347,5858
1348,6316
1349,5104
1350,4478
1351,5589
1352,6341
1353,5288
1354,4364
1355,5255
1356,6218
1357,5394
1358,4273
1359,4885
1360,6025
1361,5515
1362,4252
1363,4561
1364,5841
1365,5676
1366,4343
1367,4322
1368,5628
1369,5798
1370,4488
1371,4126
1372,5371
1373,5868
1374,4688
1375,4028
1376,5120
1377,5913
1378,4922
1379,4001
1380,4861
1381,5882
1382,5149
1383,4016
1384,4609
1385,5810
1386,5371
1387,4118
1388,4395
1389,5715
1390,5604
1391,4283
1392,4207
1393,5504
1394,5721
1395,4429
1396,4024
1397,5253
1398,5798
1399,4634
1400,3934
1401,5010
1402,5849
1403,4899
1404,3931
1405,4761
1406,5830
1407,5156
1408,4000
1409,4533
1410,5768
1411,5401
1412,4167
1413,4373
1414,5666
1415,5627
1416,4320
1417,4229
1418,5536
1419,5824
1420,4549
1421,4100
1422,5318
1423,5927
1424,4789
1425,4038
1426,5060
1427,5925
1428,5013
1429,4001
1430,4783
1431,5884
1432,5227
1433,4033
1434,4526
1435,5784
1436,5453
1437,4141
1438,4283
1439,5604
1440,5618
1441,4290
1442,4109
1443,5413
1444,5761
1445,4516
1446,4007
1447,5186
1448,5841
1449,4738
1450,3931
1451,4925
1452,5843
1453,4966
1454,3938
1455,4669
1456,5799
1457,5215
1458,4016
1459,4446
1460,5733
1461,5489
1462,4176
1463,4296
1464,5629
1465,5716
1466,4392
1467,4147
1468,5429
1469,5827
1470,4589
1471,4016
1472,5165
1473,5859
1474,4793
1475,3952
1476,4896
1477,5854
1478,5016
1479,3922
1480,4618
1481,5776
1482,5235
1483,3991
1484,4384
1485,5692
1486,5473
1487,4145
1488,4188
1489,5526
1490,5669
1491,4363
1492,4083
1493,5399
1494,5884
1495,4708
1496,4178
1497,5436
1498,6181
1499,5032
1500,3984
1501,4668
1502,5391
1503,4419
1504,3176
1505,3752
1506,4891
1507,4458
1508,3305
1509,3763
1510,5223
1511,5198
1512,3958
1513,4001
1514,5371
1515,5578
1516,4298
1517,3948
1518,5219
1519,5755
1520,4605
1521,3916
1522,4999
1523,5803
1524,4828
1525,3909
1526,4781
1527,5804
1528,5091
1529,3983
1530,4559
1531,5784
1532,5380
1533,4129
1534,4391
1535,5695
1536,5619
1537,4331
1538,4264
1539,5593
1540,5861
1541,4605
1542,4221
1543,5470
1544,6072
1545,4959
1546,4280
1547,5355
1548,6219
1549,5314
1550,4377
1551,5196
1552,6267
1553,5599
1554,4463
1555,4971
1556,6163
1557,5784
1558,4484
1559,4653
1560,5921
1561,5853
1562,4519
1563,4363
1564,5613
1565,5875
1566,4593
1567,4113
1568,5284
1569,5884
1570,4765
1571,4014
1572,5013
1573,5897
1574,4998
1575,3990
1576,4758
1577,5874
1578,5221
1579,4039
1580,4493
1581,5726
1582,5425
1583,4133
1584,4264
1585,5571
1586,5582
1587,4283
1588,4089
1589,5363
1590,5701
1591,4454
1592,3939
1593,5098
1594,5769
1595,4701
1596,3891
1597,4856
1598,5766
1599,4906
1600,3864
1601,4557
1602,5664
1603,5084
1604,3870
1605,4284
1606,5543
1607,5282
1608,3985
1609,4071
1610,5380
1611,5486
1612,4205
1613,3960
1614,5215
1615,5632
1616,4424
1617,3876
1618,5021
1619,5748
1620,4708
1621,3868
1622,4809
1623,5799
1624,4996
1625,3936
1626,4606
1627,5767
1628,5253
1629,4017
1630,4363
1631,5616
1632,5426
1633,4101
1634,4112
1635,5422
1636,5599
1637,4302
1638,3950
1639,5184
1640,5636
1641,4435
1642,3823
1643,4925
1644,5686
1645,4697
1646,3808
1647,4687
1648,5678
1649,4914
1650,3811
1651,4411
1652,5562
1653,5091
1654,3843
1655,4151
1656,5428
1657,5297
1658,3989
1659,3947
1660,5238
1661,5448
1662,4175
1663,3805
1664,5036
1665,5558
1666,4388
1667,3727
1668,4803
1669,5594
1670,4632
1671,3714
1672,4552
1673,5556
1674,4849
1675,3719
1676,4298
1677,5491
1678,5081
1679,3818
1680,4066
1681,5356
1682,5280
1683,3978
1684,3884
1685,5168
1686,5423
1687,4163
1688,3747
1689,4964
1690,5549
1691,4438
1692,3751
1693,4828
1694,5776
1695,4972
1696,4015
1697,4744
1698,5667
1699,4793
1700,3388
1701,3747
1702,4855
1703,4426
1704,3083
1705,3266
1706,4657
1707,4761
1708,3598
1709,3564
1710,4936
1711,5296
1712,4102
1713,3660
1714,4873
1715,5506
1716,4413
1717,3653
1718,4654
1719,5512
1720,4621
1721,3624
1722,4379
1723,5473
1724,4877
1725,3709
1726,4176
1727,5440
1728,5178
1729,3921
1730,4068
1731,5399
1732,5444
1733,4159
1734,3973
1735,5263
1736,5634
1737,4434
1738,3919
1739,5078
1740,5752
1741,4694
1742,3902
1743,4898
1744,5869
1745,5063
1746,4030
1747,4758
1748,5908
1749,5367
1750,4176
1751,4584
1752,5860
1753,5613
1754,4310
1755,4364
1756,5669
1757,5738
1758,4407
1759,4122
1760,5370
1761,5767
1762,4533
1763,3934
1764,5042
1765,5739
1766,4678
1767,3823
1768,4730
1769,5704
1770,4892
1771,3816
1772,4453
1773,5609
1774,5088
1775,3847
1776,4176
1777,5432
1778,5231
1779,3914
1780,3921
1781,5231
1782,5384
1783,4079
1784,3757
1785,5011
1786,5504
1787,4314
1788,3693
1789,4786
1790,5544
1791,4528
1792,3628
1793,4516
1794,5536
1795,4772
1796,3654
1797,4266
1798,5480
1799,5023
1800,3761
1801,4059
1802,5358
1803,5265
1804,3921
1805,3865
1806,5171
1807,5385
1808,4092
1809,3721
1810,4948
1811,5499
1812,4339
1813,3677
1814,4760
1815,5577
1816,4603
1817,3664
1818,4529
1819,5606
1820,4890
1821,3736
1822,4301
1823,5532
1824,5140
1825,3861
1826,4093
1827,5382
1828,5319
1829,3990
1830,3879
1831,5194
1832,5452
1833,4167
1834,3726
1835,4948
1836,5528
1837,4382
1838,3654
1839,4712
1840,5560
1841,4611
1842,3624
1843,4416
1844,5497
1845,4835
1846,3647
1847,4158
1848,5411
1849,5064
1850,3770
1851,3948
1852,5266
1853,5264
1854,3941
1855,3783
1856,5086
1857,5409
1858,4150
1859,3671
1860,4858
1861,5478
1862,4361
1863,3578
1864,4591
1865,5496
1866,4599
1867,3568
1868,4311
1869,5414
1870,4812
1871,3604
1872,4056
1873,5318
1874,5034
1875,3744
1876,3871
1877,5190
1878,5241
1879,3924
1880,3721
1881,5023
1882,5408
1883,4172
1884,3628
1885,4805
1886,5533
1887,4465
1888,3658
1889,4684
1890,5729
1891,4933
1892,3821
1893,4387
1894,5339
1895,4499
1896,3064
1897,3344
1898,4535
1899,4253
1900,2921
1901,3037
1902,4465
1903,4721
1904,3613
1905,3523
1906,4845
1907,5299
1908,4088
1909,3523
1910,4714
1911,5480
1912,4448
1913,3599
1914,4559
1915,5554
1916,4759
1917,3684
1918,4367
1919,5547
1920,5054
1921,3821
1922,4201
1923,5527
1924,5358
1925,4062
1926,4134
1927,5486
1928,5659
1929,4361
1930,4063
1931,5355
1932,5840
1933,4643
1934,4038
1935,5183
1936,5979
1937,4974
1938,4091
1939,5028
1940,6071
1941,5316
1942,4184
1943,4847
1944,6111
1945,5717
1946,4505
1947,4844
1948,6181
1949,6088
1950,4773
1951,4723
1952,6034
1953,6217
1954,4911
1955,4501
1956,5686
1957,6135
1958,4901
1959,4188
1960,5221
1961,6019
1962,5018
1963,4037
1964,4868
1965,5890
1966,5145
1967,3993
1968,4557
1969,5750
1970,5340
1971,4059
1972,4276
1973,5576
1974,5494
1975,4148
1976,4024
1977,5325
1978,5626
1979,4426
1980,4003
1981,5169
1982,5736
1983,4605
1984,3888
1985,4956
1986,5826
1987,4918
1988,3942
1989,4757
1990,5849
1991,5191
1992,4008
1993,4511
1994,5738
1995,5378
1996,4076
1997,4228
1998,5520
1999,5476
2000,4158
2001,3999
2002,5308
2003,5644
2004,4410
2005,3955
2006,5173
2007,5844
2008,4773
2009,4006
2010,5037
2011,5953
2012,5089
2013,4089
2014,4851
2015,5974
2016,5367
2017,4162
2018,4607
2019,5873
2020,5584
2021,4284
2022,4374
2023,5680
2024,5734
2025,4414
2026,4162
2027,5419
2028,5763
2029,4488
2030,3903
2031,5053
2032,5731
2033,4649
2034,3818
2035,4770
2036,5693
2037,4864
2038,3794
2039,4458
2040,5605
2041,5024
2042,3780
2043,4141
2044,5381
2045,5096
2046,3771
2047,3785
2048,5054
2049,5133
2050,3801
2051,3508
2052,4756
2053,5156
2054,3928
2055,3316
2056,4421
2057,5136
2058,4088
2059,3226
2060,4137
2061,5101
2062,4294
2063,3204
2064,3838
2065,4986
2066,4486
2067,3266
2068,3604
2069,4891
2070,4707
2071,3396
2072,3408
2073,4739
2074,4901
2075,3602
2076,3296
2077,4551
2078,5041
2079,3855
2080,3227
2081,4341
2082,5128
2083,4106
2084,3194
2085,4064
2086,5074
2087,4327
2088,3193
2089,3765
2090,4960
2091,4531
2092,3295
2093,3606
2094,4921
2095,4883
2096,3704
2097,3677
2098,4890
2099,4928
2100,3391
2101,2706
2102,3696
2103,4099
2104,2879
2105,2173
2106,3282
2107,4226
2108,3397
2109,2614
2110,3591
2111,4773
2112,4147
2113,3045
2114,3649
2115,4898
2116,4537
2117,3274
2118,3508
2119,4811
2120,4771
2121,3491
2122,3393
2123,4696
2124,4994
2125,3739
2126,3337
2127,4582
2128,5197
2129,4088
2130,3375
2131,4447
2132,5339
2133,4416
2134,3428
2135,4233
2136,5349
2137,4717
2138,3553
2139,4076
2140,5313
2141,4981
2142,3699
2143,3902
2144,5244
2145,5261
2146,3959
2147,3845
2148,5164
2149,5518
2150,4264
2151,3763
2152,4966
2153,5623
2154,4537
2155,3747
2156,4736
2157,5628
2158,4721
2159,3648
2160,4353
2161,5436
2162,4793
2163,3536
2164,3967
2165,5214
2166,4911
2167,3571
2168,3659
2169,4965
2170,5004
2171,3674
2172,3451
2173,4734
2174,5106
2175,3847
2176,3280
2177,4447
2178,5129
2179,4027
2180,3173
2181,4146
2182,5083
2183,4221
2184,3133
2185,3837
2186,4998
2187,4433
2188,3192
2189,3596
2190,4900
2191,4701
2192,3399
2193,3469
2194,4813
2195,4925
2196,3619
2197,3340
2198,4633
2199,5061
2200,3811
2201,3184
2202,4329
2203,5078
2204,4054
2205,3215
2206,4144
2207,5069
2208,4223
2209,3110
2210,3780
2211,5011
2212,4504
2213,3243
2214,3589
2215,4918
2216,4758
2217,3443
2218,3478
2219,4835
2220,5001
2221,3709
2222,3388
2223,4683
2224,5194
2225,4012
2226,3364
2227,4497
2228,5296
2229,4287
2230,3350
2231,4243
2232,5271
2233,4499
2234,3359
2235,3946
2236,5160
2237,4708
2238,3430
2239,3706
2240,5025
2241,4917
2242,3589
2243,3534
2244,4871
2245,5113
2246,3822
2247,3416
2248,4669
2249,5221
2250,4036
2251,3355
2252,4450
2253,5303
2254,4324
2255,3343
2256,4194
2257,5266
2258,4547
2259,3386
2260,3929
2261,5171
2262,4788
2263,3488
2264,3686
2265,5018
2266,4964
2267,3619
2268,3484
2269,4814
2270,5098
2271,3778
2272,3330
2273,4580
2274,5182
2275,4011
2276,3263
2277,4304
2278,5179
2279,4243
2280,3227
2281,4041
2282,5159
2283,4492
2284,3287
2285,3806
2286,5107
2287,4791
2288,3461
2289,3637
2290,5019
2291,5056
2292,3699
2293,3540
2294,4905
2295,5289
2296,4025
2297,3544
2298,4841
2299,5623
2300,4537
2301,3645
2302,4509
2303,5241
2304,4058
2305,2764
2306,3379
2307,4454
2308,3784
2309,2542
2310,3095
2311,4533
2312,4401
2313,3186
2314,3388
2315,4816
2316,4934
2317,3615
2318,3402
2319,4754
2320,5177
2321,3930
2322,3363
2323,4544
2324,5263
2325,4160
2326,3297
2327,4303
2328,5295
2329,4440
2330,3353
2331,4088
2332,5298
2333,4753
2334,3494
2335,3909
2336,5249
2337,5015
2338,3659
2339,3709
2340,5090
2341,5221
2342,3846
2343,3541
2344,4885
2345,5368
2346,4131
2347,3518
2348,4741
2349,5563
2350,4530
2351,3662
2352,4668
2353,5731
2354,4946
2355,3815
2356,4503
2357,5749
2358,5239
2359,3936
2360,4252
2361,5584
2362,5393
2363,3993
2364,3959
2365,5319
2366,5482
2367,4096
2368,3708
2369,5012
2370,5511
2371,4258
2372,3574
2373,4727
2374,5529
2375,4464
2376,3487
2377,4376
2378,5444
2379,4681
2380,3504
2381,4078
2382,5298
2383,4817
2384,3476
2385,3735
2386,5080
2387,4961
2388,3590
2389,3507
2390,4842
2391,5097
2392,3773
2393,3352
2394,4636
2395,5221
2396,4028
2397,3329
2398,4438
2399,5330
2400,4352
2401,3351
2402,4199
2403,5315
2404,4596
2405,3381
2406,3933
2407,5194
2408,4785
2409,3445
2410,3666
2411,5032
2412,4977
2413,3599
2414,3472
2415,4821
2416,5135
2417,3828
2418,3362
2419,4650
2420,5304
2421,4152
2422,3391
2423,4486
2424,5451
2425,4514
2426,3471
2427,4308
2428,5447
2429,4794
2430,3552
2431,4075
2432,5361
2433,4994
2434,3633
2435,3776
2436,5129
2437,5135
2438,3751
2439,3527
2440,4836
2441,5183
2442,3864
2443,3322
2444,4539
2445,5194
2446,4037
2447,3183
2448,4209
2449,5172
2450,4268
2451,3168
2452,3948
2453,5132
2454,4529
2455,3272
2456,3728
2457,5045
2458,4757
2459,3392
2460,3494
2461,4879
2462,4972
2463,3625
2464,3361
2465,4708
2466,5132
2467,3867
2468,3291
2469,4523
2470,5262
2471,4163
2472,3303
2473,4317
2474,5349
2475,4508
2476,3406
2477,4138
2478,5361
2479,4821
2480,3554
2481,3969
2482,5343
2483,5146
2484,3793
2485,3832
2486,5222
2487,5363
2488,4012
2489,3743
2490,5063
2491,5527
2492,4274
2493,3628
2494,4810
2495,5598
2496,4550
2497,3652
2498,4613
2499,5694
2500,4943
2501,3903
2502,4608
2503,5777
2504,5148
2505,3634
2506,3686
2507,4853
2508,4579
2509,3103
2510,2986
2511,4363
2512,4658
2513,3429
2514,3178
2515,4609
2516,5255
2517,4095
2518,3423
2519,4580
2520,5433
2521,4404
2522,3432
2523,4313
2524,5388
2525,4611
2526,3412
2527,3986
2528,5222
2529,4765
2530,3436
2531,3684
2532,5028
2533,4934
2534,3566
2535,3466
2536,4802
2537,5054
2538,3717
2539,3284
2540,4531
2541,5123
2542,3925
2543,3177
2544,4271
2545,5149
2546,4191
2547,3227
2548,4058
2549,5158
2550,4481
2551,3296
2552,3859
2553,5142
2554,4779
2555,3467
2556,3668
2557,5013
2558,4983
2559,3609
2560,3440
2561,4754
2562,5052
2563,3720
2564,3209
2565,4408
2566,5007
2567,3824
2568,3031
2569,4061
2570,4967
2571,4018
2572,2958
2573,3727
2574,4854
2575,4198
2576,2946
2577,3408
2578,4674
2579,4331
2580,2952
2581,3068
2582,4393
2583,4401
2584,3012
2585,2761
2586,4058
2587,4434
2588,3168
2589,2664
2590,3880
2591,4573
2592,3464
2593,2621
2594,3645
2595,4609
2596,3719
2597,2649
2598,3428
2599,4639
2600,4069
2601,2821
2602,3254
2603,4567
2604,4328
2605,3016
2606,3134
2607,4500
2608,4682
2609,3394
2610,3176
2611,4541
2612,4914
2613,3564
2614,2978
2615,4201
2616,4975
2617,3930
2618,3081
2619,4100
2620,5130
2621,4328
2622,3259
2623,3964
2624,5187
2625,4683
2626,3427
2627,3810
2628,5133
2629,4949
2630,3603
2631,3627
2632,4998
2633,5136
2634,3793
2635,3469
2636,4763
2637,5239
2638,3986
2639,3316
2640,4470
2641,5277
2642,4242
2643,3306
2644,4216
2645,5255
2646,4490
2647,3348
2648,3958
2649,5198
2650,4729
2651,3443
2652,3740
2653,5074
2654,4947
2655,3586
2656,3543
2657,4918
2658,5129
2659,3810
2660,3426
2661,4706
2662,5243
2663,4039
2664,3356
2665,4452
2666,5271
2667,4269
2668,3269
2669,4141
2670,5218
2671,4475
2672,3296
2673,3873
2674,5120
2675,4684
2676,3364
2677,3617
2678,4966
2679,4882
2680,3498
2681,3402
2682,4753
2683,5012
2684,3698
2685,3256
2686,4509
2687,5113
2688,3945
2689,3193
2690,4276
2691,5158
2692,4199
2693,3181
2694,4021
2695,5143
2696,4466
2697,3272
2698,3814
2699,5118
2700,4770
2701,3462
2702,3708
2703,5173
2704,5201
2705,3748
2706,3395
2707,4498
2708,4498
2709,2959
2710,2303
2711,3453
2712,4058
2713,2920
2714,2278
2715,3524
2716,4569
2717,3771
2718,2842
2719,3731
2720,4946
2721,4359
2722,3159
2723,3664
2724,4995
2725,4726
2726,3406
2727,3566
2728,4953
2729,5004
2730,3663
2731,3467
2732,4819
2733,5227
2734,3964
2735,3423
2736,4651
2737,5371
2738,4261
2739,3412
2740,4398
2741,5364
2742,4491
2743,3392
2744,4113
2745,5283
2746,4694
2747,3435
2748,3858
2749,5170
2750,4926
2751,3586
2752,3673
2753,5062
2754,5200
2755,3885
2756,3649
2757,5012
2758,5476
2759,4246
2760,3666
2761,4860
2762,5614
2763,4501
2764,3584
2765,4543
2766,5536
2767,4662
2768,3498
2769,4168
2770,5353
2771,4761
2772,3432
2773,3763
2774,5083
2775,4868
2776,3452
2777,3446
2778,4818
2779,4968
2780,3600
2781,3260
2782,4569
2783,5056
2784,3806
2785,3113
2786,4273
2787,5083
2788,4022
2789,3039
2790,3992
2791,5051
2792,4238
2793,3049
2794,3699
2795,4951
2796,4468
2797,3138
2798,3437
2799,4795
2800,4666
2801,3279
2802,3235
2803,4619
2804,4833
2805,3496
2806,3099
2807,4394
2808,4949
2809,3693
2810,2946
2811,4071
2812,4934
2813,3916
2814,2934
2815,3819
2816,4911
2817,4184
2818,2999
2819,3587
2820,4859
2821,4441
2822,3132
2823,3405
2824,4771
2825,4711
2826,3333
2827,3238
2828,4619
2829,4913
2830,3598
2831,3153
2832,4431
2833,5051
2834,3861
2835,3090
2836,4178
2837,5086
2838,4113
2839,3072
2840,3889
2841,5021
2842,4327
2843,3074
2844,3593
2845,4896
2846,4538
2847,3185
2848,3356
2849,4726
2850,4721
2851,3348
2852,3174
2853,4518
2854,4860
2855,3543
2856,3035
2857,4292
2858,4948
2859,3793
2860,2978
2861,4029
2862,4986
2863,4060
2864,3053
2865,3921
2866,5088
2867,4431
2868,3181
2869,3661
2870,4891
2871,4615
2872,3252
2873,3324
2874,4669
2875,4726
2876,3343
2877,3112
2878,4448
2879,4824
2880,3509
2881,2911
2882,4122
2883,4785
2884,3638
2885,2761
2886,3740
2887,4713
2888,3834
2889,2721
2890,3456
2891,4668
2892,4103
2893,2823
2894,3226
2895,4560
2896,4311
2897,2934
2898,2986
2899,4357
2900,4484
2901,3128
2902,2856
2903,4195
2904,4732
2905,3561
2906,2907
2907,3958
2908,4516
2909,3136
2910,1911
2911,2675
2912,3607
2913,2738
2914,1576
2915,2349
2916,3744
2917,3403
2918,2276
2919,2791
2920,4264
2921,4178
2922,2883
2923,2937
2924,4380
2925,4624
2926,3307
2927,2989
2928,4351
2929,4890
2930,3666
2931,3026
2932,4221
2933,5083
2934,4073
2935,3151
2936,4101
2937,5210
2938,4461
2939,3324
2940,3991
2941,5288
2942,4856
2943,3545
2944,3827
2945,5200
2946,5091
2947,3695
2948,3626
2949,5054
2950,5298
2951,3920
2952,3504
2953,4804
2954,5388
2955,4205
2956,3518
2957,4709
2958,5639
2959,4691
2960,3738
2961,4649
2962,5773
2963,5068
2964,3878
2965,4453
2966,5741
2967,5343
2968,3984
2969,4186
2970,5537
2971,5444
2972,4030
2973,3901
2974,5273
2975,5554
2976,4212
2977,3750
2978,5025
2979,5661
2980,4463
2981,3677
2982,4768
2983,5688
2984,4721
2985,3653
2986,4449
2987,5599
2988,4904
2989,3644
2990,4125
2991,5411
2992,5059
2993,3686
2994,3816
2995,5182
2996,5175
2997,3786
2998,3591
2999,4978
3000,5324
3001,3979
3002,3461
3003,4717
3004,5399
3005,4253
3006,3423
3007,4468
3008,5403
3009,4454
3010,3340
3011,4072
3012,5230
3013,4573
3014,3278
3015,3689
3016,4959
3017,4667
3018,3311
3019,3418
3020,4789
3021,4853
3022,3486
3023,3240
3024,4571
3025,4987
3026,3698
3027,3121
3028,4323
3029,5049
3030,3958
3031,3114
3032,4117
3033,5121
3034,4258
3035,3136
3036,3839
3037,5029
3038,4469
3039,3206
3040,3581
3041,4880
3042,4639
3043,3263
3044,3291
3045,4618
3046,4729
3047,3379
3048,3072
3049,4377
3050,4821
3051,3559
3052,2930
3053,4078
3054,4833
3055,3757
3056,2840
3057,3809
3058,4851
3059,4026
3060,2878
3061,3536
3062,4759
3063,4263
3064,2965
3065,3311
3066,4650
3067,4499
3068,3142
3069,3132
3070,4502
3071,4697
3072,3354
3073,2993
3074,4289
3075,4811
3076,3596
3077,2931
3078,4076
3079,4878
3080,3841
3081,2881
3082,3796
3083,4854
3084,4080
3085,2912
3086,3519
3087,4749
3088,4294
3089,2989
3090,3262
3091,4593
3092,4491
3093,3134
3094,3069
3095,4436
3096,4668
3097,3368
3098,2953
3099,4217
3100,4792
3101,3598
3102,2878
3103,4001
3104,4894
3105,3943
3106,2988
3107,3943
3108,5145
3109,4426
3110,3125
3111,3490
3112,4504
3113,3829
3114,2333
3115,2456
3116,3785
3117,3670
3118,2351
3119,2358
3120,3853
3121,4311
3122,3146
3123,2781
3124,4104
3125,4779
3126,3638
3127,2879
3128,3968
3129,4882
3130,3949
3131,2928
3132,3735
3133,4866
3134,4193
3135,2974
3136,3483
3137,4799
3138,4476
3139,3139
3140,3308
3141,4669
3142,4696
3143,3344
3144,3167
3145,4516
3146,4904
3147,3626
3148,3101
3149,4327
3150,5016
3151,3883
3152,3065
3153,4112
3154,5096
3155,4218
3156,3171
3157,3952
3158,5138
3159,4565
3160,3356
3161,3817
3162,5146
3163,4884
3164,3538
3165,3661
3166,5019
3167,5079
3168,3712
3169,3434
3170,4719
3171,5115
3172,3814
3173,3201
3174,4366
3175,5089
3176,3943
3177,3036
3178,3989
3179,4978
3180,4119
3181,3009
3182,3717
3183,4907
3184,4348
3185,3069
3186,3458
3187,4776
3188,4552
3189,3172
3190,3214
3191,4589
3192,4714
3193,3350
3194,3044
3195,4365
3196,4838
3197,3584
3198,2942
3199,4118
3200,4902
3201,3821
3202,2895
3203,3849
3204,4865
3205,4039
3206,2884
3207,3554
3208,4775
3209,4258
3210,2937
3211,3254
3212,4590
3213,4406
3214,3001
3215,2998
3216,4359
3217,4538
3218,3194
3219,2843
3220,4168
3221,4694
3222,3468
3223,2791
3224,3973
3225,4814
3226,3773
3227,2836
3228,3784
3229,4874
3230,4120
3231,2948
3232,3580
3233,4850
3234,4416
3235,3103
3236,3369
3237,4710
3238,4604
3239,3241
3240,3166
3241,4519
3242,4751
3243,3416
3244,2987
3245,4251
3246,4811
3247,3582
3248,2846
3249,3960
3250,4834
3251,3826
3252,2814
3253,3668
3254,4758
3255,4040
3256,2833
3257,3412
3258,4711
3259,4308
3260,2971
3261,3176
3262,4520
3263,4454
3264,3077
3265,2933
3266,4300
3267,4605
3268,3276
3269,2794
3270,4067
3271,4725
3272,3567
3273,2793
3274,3881
3275,4833
3276,3896
3277,2870
3278,3710
3279,4875
3280,4221
3281,2982
3282,3504
3283,4831
3284,4499
3285,3166
3286,3321
3287,4695
3288,4720
3289,3353
3290,3164
3291,4534
3292,4923
3293,3583
3294,3017
3295,4256
3296,4931
3297,3773
3298,2934
3299,3974
3300,4961
3301,4073
3302,3034
3303,3839
3304,5110
3305,4566
3306,3268
3307,3584
3308,4700
3309,4134
3310,2527
3311,2468
3312,3740
3313,3727
3314,2309
3315,2116
3316,3554
3317,4084
3318,2941
3319,2470
3320,3751
3321,4528
3322,3446
3323,2602
3324,3601
3325,4611
3326,3762
3327,2652
3328,3359
3329,4548
3330,3976
3331,2693
3332,3071
3333,4384
3334,4162
3335,2819
3336,2882
3337,4274
3338,4415
3339,3068
3340,2777
3341,4100
3342,4630
3343,3405
3344,2740
3345,3906
3346,4677
3347,3604
3348,2694
3349,3654
3350,4710
3351,3913
3352,2793
3353,3493
3354,4764
3355,4314
3356,3044
3357,3419
3358,4796
3359,4657
3360,3302
3361,3317
3362,4696
3363,4869
3364,3489
3365,3109
3366,4378
3367,4862
3368,3577
3369,2861
3370,3986
3371,4774
3372,3718
3373,2733
3374,3634
3375,4684
3376,3899
3377,2708
3378,3326
3379,4586
3380,4128
3381,2811
3382,3108
3383,4460
3384,4349
3385,2975
3386,2916
3387,4283
3388,4519
3389,3159
3390,2759
3391,4041
3392,4596
3393,3386
3394,2644
3395,3760
3396,4631
3397,3629
3398,2620
3399,3489
3400,4609
3401,3890
3402,2721
3403,3299
3404,4549
3405,4153
3406,2821
3407,3069
3408,4443
3409,4377
3410,2976
3411,2841
3412,4208
3413,4483
3414,3148
3415,2672
3416,3927
3417,4546
3418,3345
3419,2555
3420,3644
3421,4549
3422,3580
3423,2559
3424,3427
3425,4598
3426,3937
3427,2719
3428,3262
3429,4585
3430,4255
3431,2929
3432,3107
3433,4486
3434,4507
3435,3139
3436,2951
3437,4316
3438,4666
3439,3354
3440,2828
3441,4088
3442,4743
3443,3566
3444,2742
3445,3796
3446,4755
3447,3843
3448,2769
3449,3549
3450,4718
3451,4101
3452,2859
3453,3323
3454,4648
3455,4359
3456,3019
3457,3138
3458,4544
3459,4673
3460,3361
3461,3093
3462,4390
3463,4752
3464,3440
3465,2866
3466,4091
3467,4799
3468,3633
3469,2758
3470,3792
3471,4777
3472,3853
3473,2744
3474,3508
3475,4734
3476,4143
3477,2834
3478,3284
3479,4649
3480,4374
3481,2970
3482,3036
3483,4464
3484,4559
3485,3151
3486,2877
3487,4230
3488,4666
3489,3353
3490,2733
3491,3948
3492,4726
3493,3602
3494,2683
3495,3668
3496,4695
3497,3824
3498,2672
3499,3402
3500,4664
3501,4138
3502,2844
3503,3273
3504,4711
3505,4617
3506,3262
3507,3203
3508,4423
3509,4343
3510,2651
3511,2063
3512,3249
3513,3694
3514,2404
3515,1774
3516,3086
3517,4048
3518,3165
3519,2373
3520,3419
3521,4561
3522,3812
3523,2678
3524,3358
3525,4632
3526,4203
3527,2927
3528,3270
3529,4650
3530,4538
3531,3167
3532,3133
3533,4523
3534,4751
3535,3423
3536,3056
3537,4369
3538,4919
3539,3690
3540,2986
3541,4121
3542,4949
3543,3907
3544,2911
3545,3796
3546,4878
3547,4104
3548,2898
3549,3508
3550,4768
3551,4332
3552,3002
3553,3273
3554,4657
3555,4583
3556,3232
3557,3171
3558,4564
3559,4851
3560,3538
3561,3106
3562,4406
3563,5026
3564,3828
3565,3060
3566,4137
3567,4994
3568,3978
3569,2905
3570,3719
3571,4829
3572,4093
3573,2822
3574,3326
3575,4612
3576,4251
3577,2911
3578,3081
3579,4432
3580,4410
3581,3051
3582,2889
3583,4243
3584,4563
3585,3258
3586,2748
3587,3987
3588,4622
3589,3469
3590,2666
3591,3711
3592,4623
3593,3686
3594,2627
3595,3410
3596,4563
3597,3938
3598,2703
3599,3158
3600,4464
3601,4177
3602,2858
3603,2989
3604,4343
3605,4415
3606,3081
3607,2848
3608,4183
3609,4583
3610,3304
3611,2730
3612,3909
3613,4586
3614,3454
3615,2595
3616,3585
3617,4563
3618,3698
3619,2602
3620,3333
3621,4529
3622,3959
3623,2682
3624,3118
3625,4459
3626,4244
3627,2960
3628,2997
3629,4318
3630,4430
3631,3081
3632,2811
3633,4153
3634,4606
3635,3338
3636,2734
3637,3926
3638,4672
3639,3552
3640,2646
3641,3609
3642,4624
3643,3782
3644,2634
3645,3315
3646,4531
3647,4003
3648,2721
3649,3098
3650,4443
3651,4254
3652,2874
3653,2896
3654,4278
3655,4440
3656,3082
3657,2739
3658,4053
3659,4557
3660,3338
3661,2677
3662,3813
3663,4634
3664,3596
3665,2647
3666,3563
3667,4628
3668,3852
3669,2704
3670,3328
3671,4552
3672,4083
3673,2783
3674,3065
3675,4396
3676,4288
3677,2922
3678,2844
3679,4189
3680,4429
3681,3113
3682,2691
3683,3945
3684,4497
3685,3319
3686,2573
3687,3648
3688,4491
3689,3491
3690,2518
3691,3390
3692,4474
3693,3745
3694,2558
3695,3139
3696,4391
3697,3989
3698,2699
3699,2926
3700,4262
3701,4221
3702,2912
3703,2818
3704,4186
3705,4519
3706,3312
3707,2922
3708,4103
3709,4528
3710,3111
3711,2033
3712,2843
3713,3569
3714,2540
3715,1481
3716,2333
3717,3588
3718,3063
3719,2036
3720,2726
3721,4117
3722,3844
3723,2583
3724,2815
3725,4215
3726,4246
3727,2925
3728,2775
3729,4138
3730,4489
3731,3193
3732,2698
3733,3949
3734,4614
3735,3488
3736,2698
3737,3753
3738,4703
3739,3800
3740,2769
3741,3556
3742,4711
3743,4102
3744,2883
3745,3320
3746,4606
3747,4291
3748,2936
3749,3048
3750,4422
3751,4469
3752,3124
3753,2918
3754,4261
3755,4682
3756,3433
3757,2899
3758,4147
3759,4889
3760,3806
3761,2986
3762,4004
3763,4997
3764,4128
3765,3041
3766,3758
3767,4944
3768,4350
3769,3055
3770,3456
3771,4763
3772,4513
3773,3122
3774,3156
3775,4507
3776,4601
3777,3238
3778,2944
3779,4252
3780,4690
3781,3396
3782,2760
3783,3918
3784,4663
3785,3563
3786,2666
3787,3620
3788,4643
3789,3803
3790,2651
3791,3328
3792,4555
3793,4028
3794,2716
3795,3059
3796,4372
3797,4201
3798,2842
3799,2843
3800,4180
3801,4346
3802,3019
3803,2712
3804,4008
3805,4508
3806,3274
3807,2628
3808,3786
3809,4603
3810,3561
3811,2609
3812,3539
3813,4592
3814,3781
3815,2598
3816,3237
3817,4473
3818,4004
3819,2688
3820,3002
3821,4369
3822,4251
3823,2886
3824,2852
3825,4218
3826,4444
3827,3103
3828,2691
3829,3983
3830,4544
3831,3312
3832,2598
3833,3731
3834,4596
3835,3608
3836,2629
3837,3511
3838,4596
3839,3852
3840,2647
3841,3226
3842,4468
3843,4042
3844,2700
3845,2915
3846,4249
3847,4173
3848,2772
3849,2631
3850,3973
3851,4231
3852,2908
3853,2434
3854,3701
3855,4315
3856,3101
3857,2312
3858,3401
3859,4294
3860,3327
3861,2318
3862,3143
3863,4261
3864,3570
3865,2333
3866,2859
3867,4149
3868,3786
3869,2435
